
-- 실습 3-2

CREATE TABLE CUSTOMER(
    C_ID VARCHAR2(14) PRIMARY KEY,
    C_NAME VARCHAR2(20) NOT NULL,
    C_TYPE NUMBER(1) NOT NULL,
    C_HP VARCHAR2(14) NOT NULL,
    C_ADDR VARCHAR2(100)
    );
    

    ACC_NO CHAR(11) PRIMARY KEY,
    ACC_TYPE CHAR(2) NOT NULL,
    ACC_NAME VARCHAR2(20) NOT NULL,
    ACC_CID VARCHAR2(14) NOT NULL,
    ACC_BALANCE NUMBER DEFAULT 0 ,
    ACC_DATE DATE NOT NULL,
    FOREIGN KEY(ACC_CID) REFERENCES CUSTOMER (C_ID)
);


CREATE TABLE TRANSACTION(
    TR_NO NUMBER GENERATED BY DEFAULT AS IDENTITY PRIMARY KEY,
    TR_ACC CHAR(11) NOT NULL,
    TR_TYPE NUMBER(1) NOT NULL,
    TR_AMOUNT NUMBER DEFAULT 0,
    TR_DATE DATE NOT NULL,
    FOREIGN KEY(TR_ACC) REFERENCES ACCOUNT(ACC_NO)
);
    
-- 실습 3-3
INSERT INTO CUSTOMER VALUES ('730423-1000001', '김유신' , 1 , '010-1234-1001', '경기도 수원시');
INSERT INTO CUSTOMER VALUES ('750210-1000002', '김춘추' , 1 , '010-1234-1002', '경기도 광주시');
INSERT INTO CUSTOMER VALUES ('830513-2000003', '선덕여왕' , 1 , '010-1234-1003', '서울시 마포구');
INSERT INTO CUSTOMER VALUES ('870830-1000004', '강감찬' , 1 , '010-1234-1004', '서울시 영등포구');
INSERT INTO CUSTOMER VALUES ('910913-1000005', '신사임당' , 1 , '010-1234-1005', '강원도 강릉시');
INSERT INTO CUSTOMER VALUES ('941127-1000006', '이순신' , 1 , '010-1234-1006', '부산시 영도구');
INSERT INTO CUSTOMER VALUES ('220-83-52237', '(주)한국전산' , 2 , '03-1234-1045', '서울시 강서구');
INSERT INTO CUSTOMER VALUES ('361-23-42687', '(주)정보산업' , 2 , '031-563-1253', '경기도 광명시');
INSERT INTO CUSTOMER VALUES ('103-23-51094', '부산의원' , 2 , '051-518-1010', '부산시 남구');

INSERT INTO ACCOUNT VALUES ('101-11-1001', 'S1' , '자유저축예금' , '730423-1000001', 420000, TO_DATE('2005-07-21 12:10:03', 'YYYY-MM-DD HH24:MI:SS'));
INSERT INTO ACCOUNT VALUES ('101-13-1002', 'S2' , '정기적립예금' , '830513-2000003', 1020000, TO_DATE('2011-05-13 13:20:12', 'YYYY-MM-DD HH24:MI:SS'));
INSERT INTO ACCOUNT VALUES ('101-11-1003', 'S1' , '자유저축예금' , '870830-1000004', 53000, TO_DATE('2007-03-17 21:54:06', 'YYYY-MM-DD HH24:MI:SS'));
INSERT INTO ACCOUNT VALUES ('101-21-1004', 'L1' , '고객신용대출' , '910913-2000005', 1200500, TO_DATE('2009-08-25 14:34:57', 'YYYY-MM-DD HH24:MI:SS'));
INSERT INTO ACCOUNT VALUES ('101-11-1005', 'S3' , '주택청약예금' , '941127-1000006', 720800, TO_DATE('2013-10-15 19:56:34', 'YYYY-MM-DD HH24:MI:SS'));
INSERT INTO ACCOUNT VALUES ('101-23-1006', 'L2' , '예금담보대출' , '730423-1000001', 250000, TO_DATE('2013-12-11 18:14:22', 'YYYY-MM-DD HH24:MI:SS'));
INSERT INTO ACCOUNT VALUES ('101-23-1007', 'L2' , '주택담보대출' , '750210-1000002', 2700000, TO_DATE('2020-09-23 09:19:13', 'YYYY-MM-DD HH24:MI:SS'));
INSERT INTO ACCOUNT VALUES ('101-11-2001', 'S1' , '자유저축예금' , '220-83-52237', 23000000, TO_DATE('2003-04-14 11:02:43', 'YYYY-MM-DD HH24:MI:SS'));
INSERT INTO ACCOUNT VALUES ('101-11-2002', 'S1' , '자유저축예금' , '361-23-42687', 4201000, TO_DATE('2008-12-30 12:32:59', 'YYYY-MM-DD HH24:MI:SS'));
INSERT INTO ACCOUNT VALUES ('101-11-2003', 'S1' , '자유저축예금' , '103-23-51094', 8325010, TO_DATE('2010-06-07 15:47:04', 'YYYY-MM-DD HH24:MI:SS'));

INSERT INTO TRANSACTION(TR_ACC,TR_TYPE,TR_AMOUNT,TR_DATE) VALUES ('101-11-1001', 1, 50000, TO_DATE('2025-07-12 13:55:31', 'YYYY-MM-DD HH24:MI:SS'));
INSERT INTO TRANSACTION(TR_ACC,TR_TYPE,TR_AMOUNT,TR_DATE) VALUES ('101-11-1003', 1, 120000, TO_DATE('2025-07-12 14:15:22', 'YYYY-MM-DD HH24:MI:SS'));
INSERT INTO TRANSACTION(TR_ACC,TR_TYPE,TR_AMOUNT,TR_DATE) VALUES ('101-11-2001', 2, 300000, TO_DATE('2025-07-19 17:53:42', 'YYYY-MM-DD HH24:MI:SS'));
INSERT INTO TRANSACTION(TR_ACC,TR_TYPE,TR_AMOUNT,TR_DATE) VALUES ('101-13-1002', 1, 1000000, TO_DATE('2025-07-20 07:25:08', 'YYYY-MM-DD HH24:MI:SS'));
INSERT INTO TRANSACTION(TR_ACC,TR_TYPE,TR_AMOUNT,TR_DATE) VALUES ('101-11-1001', 0, 0, TO_DATE('2025-07-12 09:21:13', 'YYYY-MM-DD HH24:MI:SS'));
INSERT INTO TRANSACTION(TR_ACC,TR_TYPE,TR_AMOUNT,TR_DATE) VALUES ('101-13-1005', 1, 200000, TO_DATE('2025-07-12 10:15:02', 'YYYY-MM-DD HH24:MI:SS'));
INSERT INTO TRANSACTION(TR_ACC,TR_TYPE,TR_AMOUNT,TR_DATE) VALUES ('101-11-1001', 1, 450000, TO_DATE('2025-07-12 11:34:42', 'YYYY-MM-DD HH24:MI:SS'));
INSERT INTO TRANSACTION(TR_ACC,TR_TYPE,TR_AMOUNT,TR_DATE) VALUES ('101-11-2002', 2, 32000, TO_DATE('2025-07-12 09:12:37', 'YYYY-MM-DD HH24:MI:SS'));
INSERT INTO TRANSACTION(TR_ACC,TR_TYPE,TR_AMOUNT,TR_DATE) VALUES ('101-11-2003', 0, 0, TO_DATE('2025-07-12 16:02:31', 'YYYY-MM-DD HH24:MI:SS'));
INSERT INTO TRANSACTION(TR_ACC,TR_TYPE,TR_AMOUNT,TR_DATE) VALUES ('101-11-1003', 2, 75000, TO_DATE('2025-07-12 17:41:11', 'YYYY-MM-DD HH24:MI:SS'));

-- 실습 3-4
-- 실습 3-5
-- 실습 3-6
-- 실습 3-7
-- 실습 3-8
-- 실습 3-9
-- 실습 3-10
-- 실습 3-11
-- 실습 3-12
-- 실습 3-13
-- 실습 3-14
-- 실습 3-15
-- 실습 3-16
-- 실습 3-17
-- 실습 3-18
-- 실습 3-19
-- 실습 3-20
-- 실습 3-21
-- 실습 3-22
-- 실습 3-23
-- 실습 3-24
-- 실습 3-25
-- 실습 3-26
-- 실습 3-27
-- 실습 3-28
-- 실습 3-29
-- 실습 3-30

